时间,开盘价,最高价,最低价,收盘价
2024-10-22 22:05:00,1268.0,1273.0,1268.0,1273.0
2024-10-22 22:10:00,1273.0,1277.0,1271.0,1277.0
2024-10-22 22:15:00,1277.0,1277.0,1273.0,1274.0
2024-10-22 22:20:00,1275.0,1277.0,1273.0,1276.0
2024-10-22 22:25:00,1276.0,1276.0,1273.0,1275.0
2024-10-22 22:30:00,1274.0,1277.0,1271.0,1276.0
2024-10-22 22:35:00,1277.0,1277.0,1271.0,1273.0
2024-10-22 22:40:00,1273.0,1276.0,1272.0,1272.0
2024-10-22 22:45:00,1272.0,1277.0,1272.0,1277.0
2024-10-22 22:50:00,1276.0,1278.0,1275.0,1275.0
2024-10-22 22:55:00,1275.0,1279.0,1275.0,1277.0
2024-10-22 23:00:00,1277.0,1278.0,1274.0,1275.0
2024-10-23 09:05:00,1276.0,1280.0,1267.0,1271.0
2024-10-23 09:10:00,1271.0,1272.0,1266.0,1272.0
2024-10-23 09:15:00,1272.0,1272.0,1262.0,1265.0
2024-10-23 09:20:00,1265.0,1265.0,1257.0,1258.0
2024-10-23 09:25:00,1258.0,1264.0,1258.0,1263.0
2024-10-23 09:30:00,1263.0,1264.0,1257.0,1261.0
2024-10-23 09:35:00,1261.0,1263.0,1258.0,1262.0
2024-10-23 09:40:00,1262.0,1264.0,1261.0,1262.0
2024-10-23 09:45:00,1263.0,1268.0,1261.0,1265.0
2024-10-23 09:50:00,1265.0,1266.0,1262.0,1262.0
2024-10-23 09:55:00,1262.0,1263.0,1260.0,1261.0
2024-10-23 10:00:00,1262.0,1266.0,1261.0,1265.0
2024-10-23 10:05:00,1265.0,1267.0,1262.0,1263.0
2024-10-23 10:10:00,1262.0,1262.0,1253.0,1260.0
2024-10-23 10:15:00,1259.0,1262.0,1255.0,1257.0
2024-10-23 10:35:00,1258.0,1258.0,1249.0,1251.0
2024-10-23 10:40:00,1251.0,1252.0,1244.0,1247.0
2024-10-23 10:45:00,1248.0,1252.0,1244.0,1250.0
2024-10-23 10:50:00,1249.0,1252.0,1247.0,1247.0
2024-10-23 10:55:00,1247.0,1247.0,1240.0,1243.0
2024-10-23 11:00:00,1244.0,1245.0,1238.0,1242.0
2024-10-23 11:05:00,1242.0,1248.0,1239.0,1247.0
2024-10-23 11:10:00,1247.0,1250.0,1246.0,1248.0
2024-10-23 11:15:00,1248.0,1253.0,1247.0,1252.0
2024-10-23 11:20:00,1253.0,1256.0,1250.0,1251.0
2024-10-23 11:25:00,1252.0,1252.0,1249.0,1251.0
2024-10-23 11:30:00,1251.0,1260.0,1250.0,1257.0
2024-10-23 13:35:00,1261.0,1265.0,1258.0,1258.0
2024-10-23 13:40:00,1258.0,1266.0,1258.0,1262.0
2024-10-23 13:45:00,1262.0,1263.0,1258.0,1259.0
2024-10-23 13:50:00,1260.0,1261.0,1257.0,1260.0
2024-10-23 13:55:00,1260.0,1261.0,1258.0,1259.0
2024-10-23 14:00:00,1259.0,1262.0,1254.0,1260.0
2024-10-23 14:05:00,1260.0,1260.0,1254.0,1256.0
2024-10-23 14:10:00,1256.0,1257.0,1251.0,1251.0
2024-10-23 14:15:00,1251.0,1255.0,1249.0,1254.0
2024-10-23 14:20:00,1254.0,1259.0,1253.0,1254.0
2024-10-23 14:25:00,1255.0,1257.0,1251.0,1257.0
2024-10-23 14:30:00,1256.0,1256.0,1253.0,1255.0
2024-10-23 14:35:00,1255.0,1256.0,1247.0,1248.0
2024-10-23 14:40:00,1247.0,1255.0,1247.0,1252.0
2024-10-23 14:45:00,1252.0,1254.0,1250.0,1250.0
2024-10-23 14:50:00,1249.0,1256.0,1247.0,1256.0
2024-10-23 14:55:00,1258.0,1260.0,1253.0,1254.0
2024-10-23 15:00:00,1254.0,1259.0,1254.0,1255.0
2024-10-23 21:05:00,1266.0,1272.0,1258.0,1269.0
2024-10-23 21:10:00,1269.0,1273.0,1268.0,1273.0
2024-10-23 21:15:00,1273.0,1276.0,1270.0,1271.0
2024-10-23 21:20:00,1271.0,1273.0,1267.0,1270.0
2024-10-23 21:25:00,1270.0,1271.0,1267.0,1269.0
2024-10-23 21:30:00,1268.0,1271.0,1268.0,1270.0
2024-10-23 21:35:00,1270.0,1273.0,1268.0,1269.0
2024-10-23 21:40:00,1268.0,1271.0,1268.0,1271.0
2024-10-23 21:45:00,1271.0,1302.0,1270.0,1301.0
2024-10-23 21:50:00,1300.0,1304.0,1292.0,1304.0
2024-10-23 21:55:00,1304.0,1305.0,1295.0,1296.0
2024-10-23 22:00:00,1296.0,1300.0,1292.0,1298.0
2024-10-23 22:05:00,1299.0,1299.0,1292.0,1296.0
2024-10-23 22:10:00,1295.0,1299.0,1292.0,1294.0
2024-10-23 22:15:00,1294.0,1297.0,1293.0,1296.0
2024-10-23 22:20:00,1296.0,1304.0,1295.0,1299.0
2024-10-23 22:25:00,1300.0,1304.0,1299.0,1299.0
2024-10-23 22:30:00,1300.0,1308.0,1299.0,1304.0
2024-10-23 22:35:00,1304.0,1309.0,1302.0,1306.0
2024-10-23 22:40:00,1306.0,1306.0,1298.0,1300.0
2024-10-23 22:45:00,1300.0,1303.0,1298.0,1303.0
2024-10-23 22:50:00,1303.0,1305.0,1301.0,1301.0
2024-10-23 22:55:00,1302.0,1304.0,1300.0,1301.0
2024-10-23 23:00:00,1301.0,1303.0,1297.0,1301.0
2024-10-24 09:05:00,1304.0,1309.0,1298.0,1300.0
2024-10-24 09:10:00,1300.0,1300.0,1293.0,1297.0
2024-10-24 09:15:00,1296.0,1297.0,1293.0,1295.0
2024-10-24 09:20:00,1295.0,1298.0,1294.0,1296.0
2024-10-24 09:25:00,1295.0,1297.0,1294.0,1295.0
2024-10-24 09:30:00,1296.0,1297.0,1289.0,1293.0
2024-10-24 09:35:00,1292.0,1296.0,1292.0,1295.0
2024-10-24 09:40:00,1295.0,1295.0,1286.0,1286.0
2024-10-24 09:45:00,1288.0,1290.0,1284.0,1289.0
2024-10-24 09:50:00,1289.0,1292.0,1283.0,1285.0
2024-10-24 09:55:00,1285.0,1290.0,1283.0,1290.0
2024-10-24 10:00:00,1289.0,1290.0,1286.0,1287.0
2024-10-24 10:05:00,1288.0,1290.0,1285.0,1287.0
2024-10-24 10:10:00,1287.0,1293.0,1285.0,1290.0
2024-10-24 10:15:00,1290.0,1292.0,1285.0,1286.0
2024-10-24 10:35:00,1288.0,1294.0,1287.0,1294.0
2024-10-24 10:40:00,1294.0,1296.0,1292.0,1294.0
2024-10-24 10:45:00,1294.0,1295.0,1291.0,1291.0
2024-10-24 10:50:00,1291.0,1292.0,1285.0,1287.0
2024-10-24 10:55:00,1287.0,1290.0,1285.0,1286.0
2024-10-24 11:00:00,1285.0,1289.0,1285.0,1286.0
2024-10-24 11:05:00,1287.0,1290.0,1286.0,1289.0
2024-10-24 11:10:00,1290.0,1290.0,1286.0,1289.0
2024-10-24 11:15:00,1289.0,1291.0,1288.0,1289.0
2024-10-24 11:20:00,1290.0,1291.0,1286.0,1286.0
2024-10-24 11:25:00,1287.0,1293.0,1286.0,1292.0
2024-10-24 11:30:00,1292.0,1293.0,1290.0,1292.0
2024-10-24 13:35:00,1285.0,1289.0,1278.0,1287.0
2024-10-24 13:40:00,1287.0,1293.0,1285.0,1291.0
2024-10-24 13:45:00,1291.0,1294.0,1291.0,1294.0
2024-10-24 13:50:00,1293.0,1298.0,1292.0,1297.0
2024-10-24 13:55:00,1296.0,1300.0,1295.0,1297.0
2024-10-24 14:00:00,1297.0,1297.0,1294.0,1295.0
2024-10-24 14:05:00,1296.0,1302.0,1295.0,1301.0
2024-10-24 14:10:00,1301.0,1305.0,1298.0,1303.0
2024-10-24 14:15:00,1303.0,1306.0,1302.0,1304.0
2024-10-24 14:20:00,1304.0,1316.0,1302.0,1313.0
2024-10-24 14:25:00,1313.0,1320.0,1312.0,1319.0
2024-10-24 14:30:00,1319.0,1325.0,1315.0,1320.0
2024-10-24 14:35:00,1320.0,1332.0,1320.0,1326.0
2024-10-24 14:40:00,1326.0,1337.0,1326.0,1334.0
2024-10-24 14:45:00,1334.0,1342.0,1329.0,1341.0
2024-10-24 14:50:00,1341.0,1355.0,1341.0,1352.0
2024-10-24 14:55:00,1352.0,1354.0,1345.0,1351.0
2024-10-24 15:00:00,1351.0,1355.0,1347.0,1349.0
2024-10-24 21:05:00,1353.0,1363.0,1351.0,1361.0
2024-10-24 21:10:00,1361.0,1364.0,1355.0,1356.0
2024-10-24 21:15:00,1356.0,1359.0,1350.0,1351.0
2024-10-24 21:20:00,1351.0,1353.0,1345.0,1349.0
2024-10-24 21:25:00,1350.0,1359.0,1349.0,1358.0
2024-10-24 21:30:00,1358.0,1360.0,1353.0,1355.0
2024-10-24 21:35:00,1356.0,1358.0,1352.0,1356.0
2024-10-24 21:40:00,1356.0,1360.0,1355.0,1355.0
2024-10-24 21:45:00,1355.0,1356.0,1350.0,1353.0
2024-10-24 21:50:00,1353.0,1358.0,1351.0,1352.0
2024-10-24 21:55:00,1352.0,1355.0,1348.0,1355.0
2024-10-24 22:00:00,1355.0,1358.0,1353.0,1358.0
2024-10-24 22:05:00,1357.0,1369.0,1357.0,1365.0
2024-10-24 22:10:00,1365.0,1366.0,1362.0,1365.0
2024-10-24 22:15:00,1365.0,1365.0,1358.0,1359.0
2024-10-24 22:20:00,1359.0,1364.0,1355.0,1363.0
2024-10-24 22:25:00,1364.0,1365.0,1358.0,1359.0
2024-10-24 22:30:00,1360.0,1364.0,1358.0,1361.0
2024-10-24 22:35:00,1360.0,1361.0,1357.0,1358.0
2024-10-24 22:40:00,1357.0,1361.0,1353.0,1360.0
2024-10-24 22:45:00,1359.0,1360.0,1358.0,1358.0
2024-10-24 22:50:00,1358.0,1359.0,1354.0,1355.0
2024-10-24 22:55:00,1355.0,1356.0,1343.0,1353.0
2024-10-24 23:00:00,1353.0,1360.0,1352.0,1358.0
2024-10-25 09:05:00,1358.0,1358.0,1350.0,1354.0
2024-10-25 09:10:00,1354.0,1356.0,1351.0,1352.0
2024-10-25 09:15:00,1352.0,1354.0,1349.0,1353.0
2024-10-25 09:20:00,1352.0,1353.0,1340.0,1345.0
2024-10-25 09:25:00,1344.0,1345.0,1335.0,1342.0
2024-10-25 09:30:00,1342.0,1343.0,1338.0,1340.0
2024-10-25 09:35:00,1340.0,1346.0,1337.0,1345.0
2024-10-25 09:40:00,1344.0,1346.0,1339.0,1342.0
2024-10-25 09:45:00,1342.0,1345.0,1339.0,1343.0
2024-10-25 09:50:00,1343.0,1343.0,1334.0,1338.0
2024-10-25 09:55:00,1338.0,1338.0,1332.0,1335.0
2024-10-25 10:00:00,1336.0,1337.0,1333.0,1335.0
2024-10-25 10:05:00,1334.0,1335.0,1329.0,1334.0
2024-10-25 10:10:00,1334.0,1337.0,1331.0,1337.0
2024-10-25 10:15:00,1337.0,1343.0,1335.0,1343.0
2024-10-25 10:35:00,1342.0,1344.0,1335.0,1338.0
2024-10-25 10:40:00,1339.0,1343.0,1338.0,1343.0
2024-10-25 10:45:00,1343.0,1345.0,1340.0,1343.0
2024-10-25 10:50:00,1343.0,1348.0,1342.0,1348.0
2024-10-25 10:55:00,1347.0,1348.0,1342.0,1343.0
2024-10-25 11:00:00,1343.0,1351.0,1343.0,1347.0
2024-10-25 11:05:00,1347.0,1348.0,1345.0,1348.0
2024-10-25 11:10:00,1348.0,1348.0,1340.0,1343.0
2024-10-25 11:15:00,1343.0,1343.0,1339.0,1340.0
2024-10-25 11:20:00,1340.0,1344.0,1338.0,1344.0
2024-10-25 11:25:00,1344.0,1346.0,1343.0,1345.0
2024-10-25 11:30:00,1344.0,1348.0,1344.0,1347.0
2024-10-25 13:35:00,1347.0,1358.0,1347.0,1354.0
2024-10-25 13:40:00,1355.0,1362.0,1353.0,1358.0
2024-10-25 13:45:00,1358.0,1363.0,1358.0,1362.0
2024-10-25 13:50:00,1363.0,1363.0,1355.0,1355.0
2024-10-25 13:55:00,1355.0,1361.0,1355.0,1358.0
2024-10-25 14:00:00,1359.0,1360.0,1356.0,1359.0
2024-10-25 14:05:00,1360.0,1360.0,1341.0,1344.0
2024-10-25 14:10:00,1345.0,1350.0,1344.0,1344.0
2024-10-25 14:15:00,1344.0,1345.0,1340.0,1343.0
2024-10-25 14:20:00,1344.0,1351.0,1341.0,1345.0
2024-10-25 14:25:00,1345.0,1347.0,1342.0,1347.0
2024-10-25 14:30:00,1347.0,1348.0,1344.0,1347.0
2024-10-25 14:35:00,1346.0,1357.0,1344.0,1356.0
2024-10-25 14:40:00,1356.0,1357.0,1348.0,1350.0
2024-10-25 14:45:00,1351.0,1354.0,1349.0,1351.0
2024-10-25 14:50:00,1351.0,1356.0,1350.0,1352.0
2024-10-25 14:55:00,1353.0,1360.0,1352.0,1357.0
2024-10-25 15:00:00,1357.0,1358.0,1346.0,1349.0
2024-10-25 21:05:00,1342.0,1347.0,1322.0,1343.0
2024-10-25 21:10:00,1342.0,1355.0,1341.0,1353.0
2024-10-25 21:15:00,1354.0,1362.0,1352.0,1358.0
2024-10-25 21:20:00,1358.0,1363.0,1355.0,1361.0
2024-10-25 21:25:00,1361.0,1363.0,1355.0,1357.0
2024-10-25 21:30:00,1357.0,1362.0,1357.0,1360.0
2024-10-25 21:35:00,1361.0,1376.0,1360.0,1373.0
2024-10-25 21:40:00,1373.0,1375.0,1368.0,1372.0
2024-10-25 21:45:00,1371.0,1372.0,1366.0,1369.0
2024-10-25 21:50:00,1368.0,1372.0,1368.0,1370.0
2024-10-25 21:55:00,1371.0,1371.0,1361.0,1363.0
2024-10-25 22:00:00,1364.0,1366.0,1362.0,1364.0
2024-10-25 22:05:00,1363.0,1370.0,1363.0,1366.0
2024-10-25 22:10:00,1365.0,1371.0,1365.0,1371.0
2024-10-25 22:15:00,1371.0,1372.0,1368.0,1370.0
2024-10-25 22:20:00,1370.0,1374.0,1366.0,1371.0
2024-10-25 22:25:00,1371.0,1371.0,1362.0,1365.0
2024-10-25 22:30:00,1365.0,1367.0,1362.0,1366.0
2024-10-25 22:35:00,1365.0,1369.0,1364.0,1365.0
2024-10-25 22:40:00,1365.0,1368.0,1364.0,1366.0
2024-10-25 22:45:00,1367.0,1371.0,1366.0,1368.0
2024-10-25 22:50:00,1368.0,1370.0,1366.0,1369.0
2024-10-25 22:55:00,1368.0,1371.0,1368.0,1371.0
2024-10-25 23:00:00,1371.0,1373.0,1364.0,1368.0
2024-10-28 09:05:00,1390.0,1395.0,1373.0,1376.0
2024-10-28 09:10:00,1375.0,1386.0,1373.0,1384.0
2024-10-28 09:15:00,1384.0,1384.0,1377.0,1382.0
2024-10-28 09:20:00,1382.0,1386.0,1381.0,1385.0
2024-10-28 09:25:00,1385.0,1393.0,1385.0,1386.0
2024-10-28 09:30:00,1385.0,1390.0,1380.0,1384.0
2024-10-28 09:35:00,1385.0,1385.0,1376.0,1380.0
2024-10-28 09:40:00,1380.0,1385.0,1377.0,1383.0
2024-10-28 09:45:00,1383.0,1391.0,1383.0,1387.0
2024-10-28 09:50:00,1387.0,1389.0,1386.0,1389.0
2024-10-28 09:55:00,1389.0,1393.0,1384.0,1393.0
2024-10-28 10:00:00,1392.0,1396.0,1387.0,1392.0
2024-10-28 10:05:00,1391.0,1395.0,1391.0,1394.0
2024-10-28 10:10:00,1394.0,1395.0,1389.0,1393.0
2024-10-28 10:15:00,1393.0,1395.0,1390.0,1394.0
2024-10-28 10:35:00,1392.0,1396.0,1392.0,1394.0
2024-10-28 10:40:00,1394.0,1404.0,1387.0,1401.0
2024-10-28 10:45:00,1401.0,1407.0,1399.0,1404.0
2024-10-28 10:50:00,1405.0,1412.0,1405.0,1410.0
2024-10-28 10:55:00,1409.0,1411.0,1405.0,1410.0
2024-10-28 11:00:00,1410.0,1414.0,1408.0,1412.0
2024-10-28 11:05:00,1412.0,1415.0,1408.0,1412.0
2024-10-28 11:10:00,1412.0,1414.0,1408.0,1410.0
2024-10-28 11:15:00,1409.0,1414.0,1400.0,1402.0
2024-10-28 11:20:00,1402.0,1411.0,1402.0,1410.0
2024-10-28 11:25:00,1409.0,1411.0,1408.0,1408.0
2024-10-28 11:30:00,1408.0,1414.0,1406.0,1413.0
2024-10-28 13:35:00,1414.0,1418.0,1408.0,1408.0
2024-10-28 13:40:00,1408.0,1415.0,1408.0,1412.0
2024-10-28 13:45:00,1412.0,1413.0,1407.0,1408.0
2024-10-28 13:50:00,1409.0,1409.0,1403.0,1408.0
2024-10-28 13:55:00,1409.0,1409.0,1405.0,1408.0
2024-10-28 14:00:00,1407.0,1411.0,1407.0,1407.0
2024-10-28 14:05:00,1407.0,1409.0,1405.0,1408.0
2024-10-28 14:10:00,1408.0,1409.0,1405.0,1407.0
2024-10-28 14:15:00,1406.0,1409.0,1404.0,1408.0
2024-10-28 14:20:00,1408.0,1410.0,1406.0,1407.0
2024-10-28 14:25:00,1407.0,1408.0,1401.0,1407.0
2024-10-28 14:30:00,1407.0,1407.0,1403.0,1404.0
2024-10-28 14:35:00,1404.0,1404.0,1392.0,1396.0
2024-10-28 14:40:00,1396.0,1401.0,1395.0,1399.0
2024-10-28 14:45:00,1399.0,1402.0,1398.0,1402.0
2024-10-28 14:50:00,1402.0,1410.0,1402.0,1409.0
2024-10-28 14:55:00,1409.0,1411.0,1406.0,1408.0
2024-10-28 15:00:00,1408.0,1415.0,1408.0,1412.0
2024-10-28 21:05:00,1404.0,1414.0,1401.0,1413.0
2024-10-28 21:10:00,1413.0,1422.0,1410.0,1418.0
2024-10-28 21:15:00,1417.0,1425.0,1417.0,1421.0
2024-10-28 21:20:00,1422.0,1423.0,1419.0,1420.0
2024-10-28 21:25:00,1421.0,1421.0,1416.0,1416.0
2024-10-28 21:30:00,1417.0,1421.0,1417.0,1419.0
2024-10-28 21:35:00,1419.0,1421.0,1416.0,1419.0
2024-10-28 21:40:00,1420.0,1422.0,1418.0,1418.0
2024-10-28 21:45:00,1419.0,1422.0,1417.0,1421.0
2024-10-28 21:50:00,1421.0,1424.0,1420.0,1423.0
2024-10-28 21:55:00,1423.0,1423.0,1418.0,1420.0
2024-10-28 22:00:00,1420.0,1421.0,1416.0,1420.0
2024-10-28 22:05:00,1419.0,1420.0,1412.0,1414.0
2024-10-28 22:10:00,1414.0,1415.0,1406.0,1410.0
2024-10-28 22:15:00,1409.0,1413.0,1406.0,1407.0
2024-10-28 22:20:00,1407.0,1408.0,1396.0,1400.0
2024-10-28 22:25:00,1400.0,1404.0,1395.0,1399.0
2024-10-28 22:30:00,1399.0,1402.0,1393.0,1395.0
2024-10-28 22:35:00,1396.0,1400.0,1395.0,1397.0
2024-10-28 22:40:00,1397.0,1399.0,1392.0,1397.0
2024-10-28 22:45:00,1397.0,1398.0,1389.0,1390.0
2024-10-28 22:50:00,1390.0,1395.0,1389.0,1392.0
2024-10-28 22:55:00,1392.0,1403.0,1390.0,1402.0
2024-10-28 23:00:00,1403.0,1404.0,1395.0,1396.0
2024-10-29 09:05:00,1393.0,1395.0,1386.0,1390.0
2024-10-29 09:10:00,1389.0,1395.0,1389.0,1393.0
2024-10-29 09:15:00,1393.0,1399.0,1392.0,1396.0
2024-10-29 09:20:00,1396.0,1397.0,1393.0,1393.0
2024-10-29 09:25:00,1393.0,1396.0,1391.0,1396.0
2024-10-29 09:30:00,1396.0,1400.0,1395.0,1399.0
2024-10-29 09:35:00,1399.0,1399.0,1389.0,1396.0
2024-10-29 09:40:00,1396.0,1397.0,1391.0,1392.0
2024-10-29 09:45:00,1392.0,1392.0,1382.0,1383.0
2024-10-29 09:50:00,1383.0,1385.0,1376.0,1376.0
2024-10-29 09:55:00,1376.0,1379.0,1372.0,1378.0
2024-10-29 10:00:00,1379.0,1384.0,1373.0,1383.0
2024-10-29 10:05:00,1382.0,1388.0,1381.0,1381.0
2024-10-29 10:10:00,1381.0,1389.0,1380.0,1385.0
2024-10-29 10:15:00,1385.0,1388.0,1381.0,1386.0
2024-10-29 10:35:00,1388.0,1392.0,1387.0,1389.0
2024-10-29 10:40:00,1389.0,1392.0,1387.0,1388.0
2024-10-29 10:45:00,1387.0,1392.0,1386.0,1388.0
2024-10-29 10:50:00,1389.0,1390.0,1387.0,1389.0
2024-10-29 10:55:00,1389.0,1390.0,1384.0,1389.0
2024-10-29 11:00:00,1388.0,1390.0,1386.0,1387.0
2024-10-29 11:05:00,1386.0,1388.0,1381.0,1383.0
2024-10-29 11:10:00,1383.0,1384.0,1379.0,1384.0
2024-10-29 11:15:00,1383.0,1388.0,1383.0,1385.0
2024-10-29 11:20:00,1385.0,1390.0,1384.0,1386.0
2024-10-29 11:25:00,1385.0,1394.0,1383.0,1393.0
2024-10-29 11:30:00,1393.0,1394.0,1376.0,1376.0
2024-10-29 13:35:00,1372.0,1375.0,1359.0,1359.0
2024-10-29 13:40:00,1361.0,1365.0,1357.0,1362.0
2024-10-29 13:45:00,1362.0,1365.0,1357.0,1363.0
2024-10-29 13:50:00,1362.0,1366.0,1360.0,1362.0
2024-10-29 13:55:00,1362.0,1362.0,1354.0,1355.0
2024-10-29 14:00:00,1355.0,1364.0,1355.0,1362.0
2024-10-29 14:05:00,1363.0,1367.0,1358.0,1359.0
2024-10-29 14:10:00,1359.0,1365.0,1356.0,1365.0
2024-10-29 14:15:00,1364.0,1365.0,1360.0,1364.0
2024-10-29 14:20:00,1364.0,1370.0,1364.0,1370.0
2024-10-29 14:25:00,1369.0,1374.0,1368.0,1373.0
2024-10-29 14:30:00,1374.0,1377.0,1372.0,1372.0
2024-10-29 14:35:00,1372.0,1377.0,1369.0,1371.0
2024-10-29 14:40:00,1371.0,1374.0,1369.0,1370.0
2024-10-29 14:45:00,1370.0,1372.0,1360.0,1362.0
2024-10-29 14:50:00,1362.0,1365.0,1351.0,1353.0
2024-10-29 14:55:00,1353.0,1362.0,1352.0,1362.0
2024-10-29 15:00:00,1362.0,1370.0,1362.0,1367.0
2024-10-29 21:05:00,1397.0,1397.0,1377.0,1383.0
2024-10-29 21:10:00,1383.0,1411.0,1383.0,1410.0
2024-10-29 21:15:00,1410.0,1416.0,1404.0,1412.0
2024-10-29 21:20:00,1412.0,1413.0,1406.0,1409.0
2024-10-29 21:25:00,1409.0,1416.0,1404.0,1412.0
2024-10-29 21:30:00,1411.0,1412.0,1401.0,1402.0
2024-10-29 21:35:00,1400.0,1405.0,1391.0,1394.0
2024-10-29 21:40:00,1393.0,1397.0,1389.0,1395.0
2024-10-29 21:45:00,1395.0,1398.0,1389.0,1393.0
2024-10-29 21:50:00,1393.0,1393.0,1386.0,1388.0
2024-10-29 21:55:00,1388.0,1392.0,1388.0,1390.0
2024-10-29 22:00:00,1390.0,1390.0,1372.0,1375.0
2024-10-29 22:05:00,1374.0,1383.0,1374.0,1381.0
2024-10-29 22:10:00,1380.0,1386.0,1379.0,1385.0
2024-10-29 22:15:00,1385.0,1385.0,1380.0,1382.0
2024-10-29 22:20:00,1381.0,1386.0,1380.0,1382.0
2024-10-29 22:25:00,1381.0,1386.0,1381.0,1384.0
2024-10-29 22:30:00,1384.0,1395.0,1384.0,1394.0
2024-10-29 22:35:00,1394.0,1394.0,1389.0,1391.0
2024-10-29 22:40:00,1392.0,1396.0,1390.0,1394.0
2024-10-29 22:45:00,1393.0,1394.0,1387.0,1387.0
2024-10-29 22:50:00,1387.0,1388.0,1377.0,1384.0
2024-10-29 22:55:00,1384.0,1390.0,1383.0,1389.0
2024-10-29 23:00:00,1389.0,1392.0,1385.0,1387.0
2024-10-30 09:05:00,1387.0,1392.0,1384.0,1390.0
2024-10-30 09:10:00,1389.0,1390.0,1379.0,1380.0
2024-10-30 09:15:00,1380.0,1385.0,1380.0,1385.0
2024-10-30 09:20:00,1384.0,1385.0,1381.0,1381.0
2024-10-30 09:25:00,1381.0,1381.0,1375.0,1376.0
2024-10-30 09:30:00,1376.0,1379.0,1374.0,1376.0
2024-10-30 09:35:00,1375.0,1384.0,1372.0,1383.0
2024-10-30 09:40:00,1384.0,1385.0,1375.0,1377.0
2024-10-30 09:45:00,1377.0,1383.0,1376.0,1380.0
2024-10-30 09:50:00,1380.0,1381.0,1364.0,1364.0
2024-10-30 09:55:00,1364.0,1372.0,1359.0,1371.0
2024-10-30 10:00:00,1371.0,1378.0,1371.0,1374.0
2024-10-30 10:05:00,1374.0,1376.0,1370.0,1374.0
2024-10-30 10:10:00,1375.0,1377.0,1367.0,1376.0
2024-10-30 10:15:00,1377.0,1378.0,1371.0,1372.0
2024-10-30 10:35:00,1370.0,1370.0,1362.0,1365.0
2024-10-30 10:40:00,1364.0,1371.0,1360.0,1371.0
2024-10-30 10:45:00,1371.0,1371.0,1367.0,1369.0
2024-10-30 10:50:00,1368.0,1373.0,1367.0,1373.0
2024-10-30 10:55:00,1372.0,1378.0,1372.0,1377.0
2024-10-30 11:00:00,1377.0,1382.0,1370.0,1370.0
2024-10-30 11:05:00,1370.0,1377.0,1369.0,1369.0
2024-10-30 11:10:00,1369.0,1369.0,1362.0,1362.0
2024-10-30 11:15:00,1363.0,1367.0,1358.0,1365.0
2024-10-30 11:20:00,1364.0,1366.0,1353.0,1356.0
2024-10-30 11:25:00,1356.0,1357.0,1340.0,1340.0
2024-10-30 11:30:00,1340.0,1343.0,1337.0,1339.0
2024-10-30 13:35:00,1336.0,1342.0,1331.0,1339.0
2024-10-30 13:40:00,1338.0,1339.0,1328.0,1334.0
2024-10-30 13:45:00,1334.0,1341.0,1334.0,1340.0
2024-10-30 13:50:00,1340.0,1341.0,1336.0,1338.0
2024-10-30 13:55:00,1337.0,1346.0,1335.0,1346.0
2024-10-30 14:00:00,1345.0,1347.0,1342.0,1346.0
2024-10-30 14:05:00,1346.0,1347.0,1339.0,1342.0
2024-10-30 14:10:00,1341.0,1342.0,1337.0,1338.0
2024-10-30 14:15:00,1338.0,1344.0,1335.0,1344.0
2024-10-30 14:20:00,1343.0,1348.0,1342.0,1347.0
2024-10-30 14:25:00,1347.0,1351.0,1344.0,1349.0
2024-10-30 14:30:00,1349.0,1358.0,1349.0,1356.0
2024-10-30 14:35:00,1356.0,1366.0,1356.0,1362.0
2024-10-30 14:40:00,1362.0,1367.0,1358.0,1365.0
2024-10-30 14:45:00,1365.0,1374.0,1362.0,1373.0
2024-10-30 14:50:00,1372.0,1375.0,1364.0,1366.0
2024-10-30 14:55:00,1367.0,1371.0,1365.0,1368.0
2024-10-30 15:00:00,1368.0,1374.0,1365.0,1369.0
2024-10-30 21:05:00,1379.0,1381.0,1366.0,1366.0
2024-10-30 21:10:00,1368.0,1369.0,1355.0,1357.0
2024-10-30 21:15:00,1357.0,1362.0,1354.0,1359.0
2024-10-30 21:20:00,1359.0,1361.0,1355.0,1359.0
2024-10-30 21:25:00,1360.0,1360.0,1354.0,1357.0
2024-10-30 21:30:00,1357.0,1359.0,1355.0,1357.0
2024-10-30 21:35:00,1357.0,1362.0,1356.0,1362.0
2024-10-30 21:40:00,1361.0,1362.0,1357.0,1357.0
2024-10-30 21:45:00,1358.0,1369.0,1356.0,1366.0
2024-10-30 21:50:00,1367.0,1371.0,1366.0,1368.0
2024-10-30 21:55:00,1368.0,1370.0,1366.0,1367.0
2024-10-30 22:00:00,1367.0,1374.0,1367.0,1371.0
2024-10-30 22:05:00,1372.0,1373.0,1368.0,1369.0
2024-10-30 22:10:00,1369.0,1373.0,1365.0,1368.0
2024-10-30 22:15:00,1368.0,1382.0,1368.0,1380.0
2024-10-30 22:20:00,1380.0,1381.0,1374.0,1376.0
2024-10-30 22:25:00,1376.0,1377.0,1371.0,1374.0
2024-10-30 22:30:00,1374.0,1376.0,1372.0,1374.0
2024-10-30 22:35:00,1373.0,1375.0,1368.0,1374.0
2024-10-30 22:40:00,1373.0,1374.0,1371.0,1371.0
2024-10-30 22:45:00,1372.0,1380.0,1372.0,1375.0
2024-10-30 22:50:00,1375.0,1380.0,1375.0,1377.0
2024-10-30 22:55:00,1376.0,1378.0,1372.0,1375.0
2024-10-30 23:00:00,1374.0,1376.0,1369.0,1373.0
2024-10-31 09:05:00,1371.0,1376.0,1366.0,1369.0
2024-10-31 09:10:00,1368.0,1369.0,1357.0,1358.0
2024-10-31 09:15:00,1358.0,1362.0,1353.0,1360.0
2024-10-31 09:20:00,1360.0,1366.0,1359.0,1365.0
2024-10-31 09:25:00,1365.0,1367.0,1362.0,1363.0
2024-10-31 09:30:00,1363.0,1366.0,1363.0,1363.0
2024-10-31 09:35:00,1364.0,1364.0,1359.0,1360.0
2024-10-31 09:40:00,1360.0,1361.0,1355.0,1360.0
2024-10-31 09:45:00,1360.0,1362.0,1356.0,1362.0
2024-10-31 09:50:00,1362.0,1366.0,1361.0,1363.0
2024-10-31 09:55:00,1362.0,1363.0,1356.0,1363.0
2024-10-31 10:00:00,1362.0,1363.0,1357.0,1361.0
2024-10-31 10:05:00,1361.0,1370.0,1360.0,1365.0
2024-10-31 10:10:00,1364.0,1370.0,1356.0,1366.0
2024-10-31 10:15:00,1365.0,1367.0,1361.0,1366.0
2024-10-31 10:35:00,1367.0,1373.0,1367.0,1369.0
2024-10-31 10:40:00,1370.0,1378.0,1370.0,1377.0
2024-10-31 10:45:00,1378.0,1378.0,1372.0,1376.0
2024-10-31 10:50:00,1376.0,1376.0,1370.0,1371.0
2024-10-31 10:55:00,1371.0,1378.0,1370.0,1373.0
2024-10-31 11:00:00,1374.0,1375.0,1370.0,1374.0
2024-10-31 11:05:00,1373.0,1380.0,1372.0,1377.0
2024-10-31 11:10:00,1377.0,1378.0,1375.0,1375.0
2024-10-31 11:15:00,1375.0,1377.0,1373.0,1375.0
2024-10-31 11:20:00,1376.0,1379.0,1369.0,1374.0
2024-10-31 11:25:00,1374.0,1375.0,1369.0,1373.0
2024-10-31 11:30:00,1372.0,1373.0,1364.0,1366.0
2024-10-31 13:35:00,1365.0,1368.0,1362.0,1363.0
2024-10-31 13:40:00,1364.0,1364.0,1357.0,1358.0
2024-10-31 13:45:00,1358.0,1365.0,1358.0,1363.0
2024-10-31 13:50:00,1364.0,1365.0,1358.0,1359.0
2024-10-31 13:55:00,1360.0,1364.0,1359.0,1362.0
2024-10-31 14:00:00,1362.0,1365.0,1362.0,1364.0
2024-10-31 14:05:00,1364.0,1369.0,1364.0,1367.0
2024-10-31 14:10:00,1367.0,1371.0,1364.0,1370.0
2024-10-31 14:15:00,1370.0,1371.0,1366.0,1366.0
2024-10-31 14:20:00,1367.0,1367.0,1358.0,1363.0
2024-10-31 14:25:00,1364.0,1364.0,1359.0,1362.0
2024-10-31 14:30:00,1362.0,1362.0,1351.0,1354.0
2024-10-31 14:35:00,1353.0,1354.0,1340.0,1345.0
2024-10-31 14:40:00,1347.0,1355.0,1345.0,1350.0
2024-10-31 14:45:00,1350.0,1354.0,1347.0,1354.0
2024-10-31 14:50:00,1354.0,1358.0,1351.0,1357.0
2024-10-31 14:55:00,1357.0,1358.0,1353.0,1357.0
2024-10-31 15:00:00,1357.0,1360.0,1356.0,1357.0
2024-10-31 21:05:00,1347.0,1355.0,1347.0,1353.0
2024-10-31 21:10:00,1352.0,1356.0,1350.0,1352.0
2024-10-31 21:15:00,1352.0,1363.0,1348.0,1361.0
2024-10-31 21:20:00,1361.0,1363.0,1352.0,1354.0
2024-10-31 21:25:00,1354.0,1356.0,1351.0,1353.0
2024-10-31 21:30:00,1353.0,1354.0,1350.0,1351.0
2024-10-31 21:35:00,1350.0,1353.0,1342.0,1346.0
2024-10-31 21:40:00,1346.0,1350.0,1344.0,1348.0
2024-10-31 21:45:00,1348.0,1349.0,1347.0,1347.0
2024-10-31 21:50:00,1347.0,1351.0,1347.0,1350.0
2024-10-31 21:55:00,1350.0,1352.0,1348.0,1349.0
2024-10-31 22:00:00,1349.0,1352.0,1347.0,1349.0
2024-10-31 22:05:00,1349.0,1351.0,1341.0,1342.0
2024-10-31 22:10:00,1343.0,1347.0,1343.0,1345.0
2024-10-31 22:15:00,1345.0,1346.0,1337.0,1338.0
2024-10-31 22:20:00,1338.0,1349.0,1338.0,1346.0
2024-10-31 22:25:00,1346.0,1348.0,1343.0,1344.0
2024-10-31 22:30:00,1345.0,1346.0,1340.0,1341.0
2024-10-31 22:35:00,1340.0,1347.0,1340.0,1344.0
2024-10-31 22:40:00,1343.0,1347.0,1343.0,1347.0
2024-10-31 22:45:00,1346.0,1353.0,1346.0,1350.0
2024-10-31 22:50:00,1350.0,1354.0,1348.0,1351.0
2024-10-31 22:55:00,1351.0,1352.0,1349.0,1350.0
2024-10-31 23:00:00,1350.0,1351.0,1340.0,1343.0
2024-11-01 09:05:00,1348.0,1348.0,1341.0,1343.0
2024-11-01 09:10:00,1344.0,1345.0,1341.0,1341.0
2024-11-01 09:15:00,1341.0,1351.0,1341.0,1350.0
2024-11-01 09:20:00,1350.0,1353.0,1349.0,1353.0
2024-11-01 09:25:00,1353.0,1355.0,1351.0,1352.0
2024-11-01 09:30:00,1352.0,1354.0,1350.0,1351.0
2024-11-01 09:35:00,1349.0,1356.0,1349.0,1353.0
2024-11-01 09:40:00,1353.0,1357.0,1351.0,1356.0
2024-11-01 09:45:00,1355.0,1355.0,1345.0,1346.0
2024-11-01 09:50:00,1346.0,1353.0,1346.0,1353.0
2024-11-01 09:55:00,1352.0,1356.0,1352.0,1356.0
2024-11-01 10:00:00,1355.0,1357.0,1352.0,1357.0
2024-11-01 10:05:00,1356.0,1357.0,1351.0,1352.0
2024-11-01 10:10:00,1352.0,1359.0,1351.0,1352.0
2024-11-01 10:15:00,1352.0,1353.0,1345.0,1346.0
2024-11-01 10:35:00,1355.0,1356.0,1348.0,1354.0
2024-11-01 10:40:00,1355.0,1357.0,1349.0,1349.0
2024-11-01 10:45:00,1350.0,1355.0,1349.0,1353.0
2024-11-01 10:50:00,1352.0,1355.0,1351.0,1353.0
2024-11-01 10:55:00,1353.0,1355.0,1349.0,1351.0
2024-11-01 11:00:00,1351.0,1355.0,1351.0,1354.0
2024-11-01 11:05:00,1353.0,1356.0,1352.0,1353.0
2024-11-01 11:10:00,1353.0,1354.0,1350.0,1354.0
2024-11-01 11:15:00,1354.0,1357.0,1353.0,1356.0
2024-11-01 11:20:00,1357.0,1362.0,1355.0,1362.0
2024-11-01 11:25:00,1362.0,1368.0,1361.0,1364.0
2024-11-01 11:30:00,1364.0,1366.0,1360.0,1366.0
2024-11-01 13:35:00,1359.0,1365.0,1358.0,1360.0
2024-11-01 13:40:00,1359.0,1363.0,1359.0,1360.0
2024-11-01 13:45:00,1360.0,1371.0,1359.0,1370.0
2024-11-01 13:50:00,1370.0,1372.0,1366.0,1367.0
2024-11-01 13:55:00,1367.0,1368.0,1361.0,1361.0
2024-11-01 14:00:00,1361.0,1365.0,1361.0,1365.0
2024-11-01 14:05:00,1365.0,1367.0,1363.0,1363.0
2024-11-01 14:10:00,1363.0,1364.0,1360.0,1361.0
2024-11-01 14:15:00,1361.0,1361.0,1356.0,1356.0
2024-11-01 14:20:00,1356.0,1358.0,1345.0,1346.0
2024-11-01 14:25:00,1346.0,1356.0,1342.0,1356.0
2024-11-01 14:30:00,1355.0,1355.0,1350.0,1354.0
2024-11-01 14:35:00,1354.0,1360.0,1353.0,1360.0
2024-11-01 14:40:00,1361.0,1370.0,1361.0,1369.0
2024-11-01 14:45:00,1368.0,1369.0,1363.0,1364.0
2024-11-01 14:50:00,1364.0,1369.0,1363.0,1367.0
2024-11-01 14:55:00,1366.0,1367.0,1362.0,1366.0
2024-11-01 15:00:00,1367.0,1370.0,1365.0,1365.0
2024-11-01 21:05:00,1368.0,1375.0,1368.0,1372.0
2024-11-01 21:10:00,1372.0,1380.0,1368.0,1375.0
2024-11-01 21:15:00,1376.0,1376.0,1364.0,1365.0
2024-11-01 21:20:00,1366.0,1370.0,1366.0,1368.0
2024-11-01 21:25:00,1369.0,1369.0,1366.0,1368.0
2024-11-01 21:30:00,1367.0,1369.0,1365.0,1366.0
2024-11-01 21:35:00,1365.0,1367.0,1359.0,1359.0
2024-11-01 21:40:00,1359.0,1365.0,1358.0,1364.0
2024-11-01 21:45:00,1364.0,1365.0,1361.0,1364.0
2024-11-01 21:50:00,1364.0,1366.0,1362.0,1363.0
2024-11-01 21:55:00,1364.0,1364.0,1362.0,1362.0
2024-11-01 22:00:00,1362.0,1364.0,1356.0,1359.0
2024-11-01 22:05:00,1359.0,1362.0,1358.0,1360.0
2024-11-01 22:10:00,1361.0,1362.0,1355.0,1357.0
2024-11-01 22:15:00,1356.0,1358.0,1350.0,1351.0
2024-11-01 22:20:00,1351.0,1354.0,1342.0,1342.0
2024-11-01 22:25:00,1341.0,1345.0,1323.0,1327.0
2024-11-01 22:30:00,1327.0,1329.0,1313.0,1319.0
2024-11-01 22:35:00,1319.0,1323.0,1315.0,1323.0
2024-11-01 22:40:00,1323.0,1333.0,1322.0,1329.0
2024-11-01 22:45:00,1329.0,1330.0,1321.0,1324.0
2024-11-01 22:50:00,1323.0,1328.0,1316.0,1323.0
2024-11-01 22:55:00,1323.0,1323.0,1294.0,1295.0
2024-11-01 23:00:00,1294.0,1305.0,1294.0,1298.0
2024-11-04 09:05:00,1329.0,1330.0,1309.0,1314.0
2024-11-04 09:10:00,1314.0,1316.0,1308.0,1308.0
2024-11-04 09:15:00,1308.0,1313.0,1304.0,1304.0
2024-11-04 09:20:00,1305.0,1311.0,1304.0,1309.0
2024-11-04 09:25:00,1308.0,1309.0,1302.0,1302.0
2024-11-04 09:30:00,1303.0,1308.0,1302.0,1308.0
2024-11-04 09:35:00,1308.0,1309.0,1301.0,1305.0
2024-11-04 09:40:00,1305.0,1309.0,1301.0,1305.0
2024-11-04 09:45:00,1305.0,1311.0,1305.0,1309.0
2024-11-04 09:50:00,1307.0,1309.0,1306.0,1309.0
2024-11-04 09:55:00,1308.0,1311.0,1306.0,1307.0
2024-11-04 10:00:00,1308.0,1309.0,1304.0,1304.0
2024-11-04 10:05:00,1306.0,1307.0,1302.0,1303.0
2024-11-04 10:10:00,1304.0,1310.0,1303.0,1308.0
2024-11-04 10:15:00,1309.0,1312.0,1308.0,1310.0
2024-11-04 10:35:00,1310.0,1310.0,1306.0,1308.0
2024-11-04 10:40:00,1307.0,1310.0,1306.0,1310.0
2024-11-04 10:45:00,1309.0,1314.0,1308.0,1313.0
2024-11-04 10:50:00,1313.0,1321.0,1312.0,1318.0
2024-11-04 10:55:00,1318.0,1323.0,1318.0,1322.0
2024-11-04 11:00:00,1321.0,1324.0,1319.0,1323.0
2024-11-04 11:05:00,1323.0,1323.0,1317.0,1321.0
2024-11-04 11:10:00,1320.0,1322.0,1319.0,1320.0
2024-11-04 11:15:00,1320.0,1322.0,1320.0,1322.0
2024-11-04 11:20:00,1321.0,1323.0,1317.0,1320.0
2024-11-04 11:25:00,1320.0,1324.0,1320.0,1323.0
2024-11-04 11:30:00,1324.0,1326.0,1319.0,1320.0
2024-11-04 13:35:00,1317.0,1320.0,1313.0,1319.0
2024-11-04 13:40:00,1319.0,1321.0,1318.0,1320.0
2024-11-04 13:45:00,1320.0,1326.0,1320.0,1324.0
2024-11-04 13:50:00,1323.0,1325.0,1319.0,1321.0
2024-11-04 13:55:00,1321.0,1329.0,1320.0,1326.0
2024-11-04 14:00:00,1326.0,1332.0,1325.0,1331.0
2024-11-04 14:05:00,1331.0,1331.0,1327.0,1330.0
2024-11-04 14:10:00,1329.0,1330.0,1325.0,1326.0
2024-11-04 14:15:00,1326.0,1330.0,1326.0,1329.0
2024-11-04 14:20:00,1329.0,1332.0,1323.0,1331.0
2024-11-04 14:25:00,1330.0,1331.0,1327.0,1328.0
2024-11-04 14:30:00,1327.0,1330.0,1326.0,1328.0
2024-11-04 14:35:00,1328.0,1332.0,1327.0,1330.0
2024-11-04 14:40:00,1331.0,1336.0,1329.0,1336.0
2024-11-04 14:45:00,1335.0,1336.0,1332.0,1334.0
2024-11-04 14:50:00,1334.0,1335.0,1330.0,1330.0
2024-11-04 14:55:00,1330.0,1341.0,1329.0,1340.0
2024-11-04 15:00:00,1340.0,1341.0,1336.0,1337.0
2024-11-04 21:05:00,1345.0,1348.0,1336.0,1337.0
2024-11-04 21:10:00,1338.0,1338.0,1330.0,1330.0
2024-11-04 21:15:00,1330.0,1334.0,1327.0,1328.0
2024-11-04 21:20:00,1328.0,1333.0,1328.0,1331.0
2024-11-04 21:25:00,1331.0,1338.0,1329.0,1336.0
2024-11-04 21:30:00,1336.0,1338.0,1333.0,1333.0
2024-11-04 21:35:00,1334.0,1336.0,1333.0,1333.0
2024-11-04 21:40:00,1334.0,1335.0,1327.0,1333.0
2024-11-04 21:45:00,1333.0,1333.0,1331.0,1332.0
2024-11-04 21:50:00,1332.0,1334.0,1331.0,1334.0
2024-11-04 21:55:00,1333.0,1338.0,1333.0,1337.0
2024-11-04 22:00:00,1337.0,1337.0,1332.0,1334.0
2024-11-04 22:05:00,1335.0,1335.0,1331.0,1335.0
2024-11-04 22:10:00,1335.0,1338.0,1334.0,1336.0
2024-11-04 22:15:00,1335.0,1336.0,1334.0,1335.0
2024-11-04 22:20:00,1335.0,1338.0,1332.0,1333.0
2024-11-04 22:25:00,1332.0,1333.0,1330.0,1332.0
2024-11-04 22:30:00,1332.0,1333.0,1329.0,1330.0
2024-11-04 22:35:00,1330.0,1337.0,1330.0,1336.0
2024-11-04 22:40:00,1336.0,1336.0,1333.0,1335.0
2024-11-04 22:45:00,1335.0,1337.0,1334.0,1337.0
2024-11-04 22:50:00,1337.0,1341.0,1337.0,1340.0
2024-11-04 22:55:00,1339.0,1339.0,1335.0,1337.0
2024-11-04 23:00:00,1338.0,1339.0,1335.0,1336.0
2024-11-05 09:05:00,1336.0,1338.0,1332.0,1336.0
2024-11-05 09:10:00,1336.0,1338.0,1334.0,1338.0
2024-11-05 09:15:00,1338.0,1344.0,1337.0,1341.0
2024-11-05 09:20:00,1341.0,1342.0,1338.0,1339.0
2024-11-05 09:25:00,1340.0,1340.0,1338.0,1339.0
2024-11-05 09:30:00,1339.0,1340.0,1336.0,1340.0
2024-11-05 09:35:00,1340.0,1340.0,1335.0,1338.0
2024-11-05 09:40:00,1338.0,1341.0,1337.0,1341.0
2024-11-05 09:45:00,1341.0,1344.0,1339.0,1343.0
2024-11-05 09:50:00,1343.0,1345.0,1340.0,1344.0
2024-11-05 09:55:00,1343.0,1344.0,1341.0,1341.0
2024-11-05 10:00:00,1341.0,1348.0,1341.0,1347.0
2024-11-05 10:05:00,1346.0,1355.0,1345.0,1351.0
2024-11-05 10:10:00,1351.0,1359.0,1351.0,1358.0
2024-11-05 10:15:00,1357.0,1361.0,1356.0,1358.0
2024-11-05 10:35:00,1358.0,1360.0,1353.0,1354.0
2024-11-05 10:40:00,1353.0,1360.0,1353.0,1357.0
2024-11-05 10:45:00,1357.0,1365.0,1357.0,1362.0
2024-11-05 10:50:00,1363.0,1365.0,1358.0,1362.0
2024-11-05 10:55:00,1363.0,1367.0,1362.0,1367.0
2024-11-05 11:00:00,1366.0,1367.0,1359.0,1360.0
2024-11-05 11:05:00,1360.0,1363.0,1358.0,1361.0
2024-11-05 11:10:00,1360.0,1363.0,1359.0,1362.0
2024-11-05 11:15:00,1362.0,1366.0,1362.0,1366.0
2024-11-05 11:20:00,1365.0,1367.0,1362.0,1363.0
2024-11-05 11:25:00,1367.0,1370.0,1365.0,1368.0
2024-11-05 11:30:00,1368.0,1379.0,1367.0,1376.0
2024-11-05 13:35:00,1377.0,1386.0,1377.0,1381.0
2024-11-05 13:40:00,1380.0,1384.0,1378.0,1381.0
2024-11-05 13:45:00,1381.0,1383.0,1378.0,1382.0
2024-11-05 13:50:00,1383.0,1384.0,1380.0,1384.0
2024-11-05 13:55:00,1383.0,1391.0,1382.0,1389.0
2024-11-05 14:00:00,1390.0,1391.0,1384.0,1386.0
2024-11-05 14:05:00,1386.0,1386.0,1375.0,1380.0
2024-11-05 14:10:00,1382.0,1383.0,1381.0,1382.0
2024-11-05 14:15:00,1382.0,1385.0,1382.0,1385.0
2024-11-05 14:20:00,1385.0,1386.0,1383.0,1384.0
2024-11-05 14:25:00,1385.0,1389.0,1385.0,1388.0
2024-11-05 14:30:00,1387.0,1390.0,1386.0,1388.0
2024-11-05 14:35:00,1388.0,1395.0,1385.0,1393.0
2024-11-05 14:40:00,1393.0,1395.0,1390.0,1391.0
2024-11-05 14:45:00,1391.0,1392.0,1388.0,1391.0
2024-11-05 14:50:00,1392.0,1392.0,1385.0,1385.0
2024-11-05 14:55:00,1387.0,1389.0,1383.0,1384.0
2024-11-05 15:00:00,1384.0,1388.0,1381.0,1387.0
2024-11-05 21:05:00,1397.0,1397.0,1390.0,1393.0
2024-11-05 21:10:00,1394.0,1402.0,1392.0,1400.0
2024-11-05 21:15:00,1400.0,1408.0,1399.0,1405.0
2024-11-05 21:20:00,1405.0,1407.0,1400.0,1401.0
2024-11-05 21:25:00,1401.0,1401.0,1390.0,1394.0
2024-11-05 21:30:00,1394.0,1395.0,1390.0,1390.0
2024-11-05 21:35:00,1392.0,1392.0,1384.0,1388.0
2024-11-05 21:40:00,1388.0,1390.0,1386.0,1389.0
2024-11-05 21:45:00,1388.0,1389.0,1383.0,1386.0
2024-11-05 21:50:00,1386.0,1389.0,1384.0,1388.0
2024-11-05 21:55:00,1387.0,1389.0,1386.0,1387.0
2024-11-05 22:00:00,1388.0,1388.0,1386.0,1387.0
2024-11-05 22:05:00,1388.0,1390.0,1379.0,1386.0
2024-11-05 22:10:00,1387.0,1388.0,1382.0,1382.0
2024-11-05 22:15:00,1381.0,1385.0,1381.0,1385.0
2024-11-05 22:20:00,1384.0,1387.0,1384.0,1386.0
2024-11-05 22:25:00,1387.0,1392.0,1386.0,1388.0
2024-11-05 22:30:00,1389.0,1390.0,1386.0,1389.0
2024-11-05 22:35:00,1388.0,1391.0,1386.0,1391.0
2024-11-05 22:40:00,1391.0,1391.0,1388.0,1388.0
2024-11-05 22:45:00,1388.0,1389.0,1386.0,1388.0
2024-11-05 22:50:00,1387.0,1390.0,1386.0,1390.0
2024-11-05 22:55:00,1390.0,1390.0,1387.0,1387.0
2024-11-05 23:00:00,1387.0,1394.0,1387.0,1389.0
2024-11-06 09:05:00,1386.0,1391.0,1383.0,1388.0
2024-11-06 09:10:00,1387.0,1388.0,1381.0,1381.0
2024-11-06 09:15:00,1381.0,1387.0,1381.0,1385.0
2024-11-06 09:20:00,1384.0,1385.0,1381.0,1381.0
2024-11-06 09:25:00,1382.0,1384.0,1382.0,1382.0
2024-11-06 09:30:00,1383.0,1385.0,1375.0,1377.0
2024-11-06 09:35:00,1376.0,1382.0,1374.0,1379.0
2024-11-06 09:40:00,1378.0,1380.0,1377.0,1377.0
2024-11-06 09:45:00,1378.0,1381.0,1372.0,1380.0
2024-11-06 09:50:00,1379.0,1384.0,1378.0,1380.0
2024-11-06 09:55:00,1382.0,1385.0,1382.0,1384.0
2024-11-06 10:00:00,1384.0,1386.0,1382.0,1384.0
2024-11-06 10:05:00,1386.0,1388.0,1384.0,1385.0
2024-11-06 10:10:00,1385.0,1389.0,1384.0,1387.0
2024-11-06 10:15:00,1382.0,1382.0,1380.0,1381.0
2024-11-06 10:35:00,1382.0,1384.0,1373.0,1373.0
2024-11-06 10:40:00,1373.0,1378.0,1372.0,1377.0
2024-11-06 10:45:00,1377.0,1378.0,1375.0,1377.0
2024-11-06 10:50:00,1378.0,1383.0,1374.0,1381.0
2024-11-06 10:55:00,1381.0,1382.0,1378.0,1378.0
2024-11-06 11:00:00,1378.0,1379.0,1375.0,1375.0
2024-11-06 11:05:00,1375.0,1376.0,1369.0,1370.0
2024-11-06 11:10:00,1370.0,1374.0,1365.0,1373.0
2024-11-06 11:15:00,1373.0,1373.0,1366.0,1366.0
2024-11-06 11:20:00,1367.0,1374.0,1366.0,1372.0
2024-11-06 11:25:00,1372.0,1377.0,1371.0,1374.0
2024-11-06 11:30:00,1375.0,1378.0,1374.0,1378.0
2024-11-06 13:35:00,1373.0,1378.0,1371.0,1376.0
2024-11-06 13:40:00,1376.0,1379.0,1375.0,1379.0
2024-11-06 13:45:00,1378.0,1382.0,1378.0,1382.0
2024-11-06 13:50:00,1382.0,1385.0,1381.0,1384.0
2024-11-06 13:55:00,1380.0,1383.0,1379.0,1381.0
2024-11-06 14:00:00,1382.0,1390.0,1381.0,1390.0
2024-11-06 14:05:00,1390.0,1390.0,1383.0,1390.0
2024-11-06 14:10:00,1389.0,1390.0,1387.0,1389.0
2024-11-06 14:15:00,1390.0,1391.0,1386.0,1390.0
2024-11-06 14:20:00,1390.0,1393.0,1384.0,1386.0
2024-11-06 14:25:00,1386.0,1386.0,1382.0,1382.0
2024-11-06 14:30:00,1381.0,1383.0,1379.0,1383.0
2024-11-06 14:35:00,1383.0,1383.0,1378.0,1379.0
2024-11-06 14:40:00,1378.0,1380.0,1377.0,1380.0
2024-11-06 14:45:00,1379.0,1379.0,1369.0,1371.0
2024-11-06 14:50:00,1374.0,1384.0,1372.0,1382.0
2024-11-06 14:55:00,1382.0,1383.0,1378.0,1382.0
2024-11-06 15:00:00,1382.0,1386.0,1382.0,1383.0
2024-11-06 21:05:00,1377.0,1384.0,1371.0,1379.0
2024-11-06 21:10:00,1379.0,1391.0,1379.0,1390.0
2024-11-06 21:15:00,1390.0,1394.0,1385.0,1389.0
2024-11-06 21:20:00,1388.0,1389.0,1384.0,1388.0
2024-11-06 21:25:00,1387.0,1391.0,1380.0,1383.0
2024-11-06 21:30:00,1382.0,1385.0,1374.0,1377.0
2024-11-06 21:35:00,1377.0,1381.0,1377.0,1377.0
2024-11-06 21:40:00,1377.0,1380.0,1375.0,1379.0
2024-11-06 21:45:00,1379.0,1381.0,1376.0,1381.0
2024-11-06 21:50:00,1381.0,1382.0,1373.0,1374.0
2024-11-06 21:55:00,1374.0,1379.0,1374.0,1377.0
2024-11-06 22:00:00,1377.0,1381.0,1377.0,1379.0
2024-11-06 22:05:00,1379.0,1381.0,1376.0,1376.0
2024-11-06 22:10:00,1377.0,1379.0,1376.0,1376.0
2024-11-06 22:15:00,1377.0,1384.0,1376.0,1384.0
2024-11-06 22:20:00,1384.0,1385.0,1382.0,1384.0
2024-11-06 22:25:00,1383.0,1388.0,1382.0,1386.0
2024-11-06 22:30:00,1387.0,1387.0,1384.0,1385.0
2024-11-06 22:35:00,1385.0,1386.0,1382.0,1382.0
2024-11-06 22:40:00,1382.0,1384.0,1381.0,1384.0
2024-11-06 22:45:00,1383.0,1384.0,1379.0,1381.0
2024-11-06 22:50:00,1380.0,1383.0,1380.0,1381.0
2024-11-06 22:55:00,1381.0,1382.0,1379.0,1381.0
2024-11-06 23:00:00,1381.0,1381.0,1378.0,1379.0
2024-11-07 09:05:00,1381.0,1386.0,1379.0,1384.0
2024-11-07 09:10:00,1385.0,1388.0,1382.0,1383.0
2024-11-07 09:15:00,1382.0,1385.0,1382.0,1383.0
2024-11-07 09:20:00,1383.0,1386.0,1383.0,1384.0
2024-11-07 09:25:00,1384.0,1387.0,1383.0,1386.0
2024-11-07 09:30:00,1386.0,1387.0,1376.0,1378.0
2024-11-07 09:35:00,1378.0,1380.0,1377.0,1377.0
2024-11-07 09:40:00,1377.0,1381.0,1375.0,1380.0
2024-11-07 09:45:00,1382.0,1382.0,1381.0,1381.0
2024-11-07 09:50:00,1382.0,1386.0,1382.0,1386.0
2024-11-07 09:55:00,1385.0,1386.0,1383.0,1385.0
2024-11-07 10:00:00,1385.0,1386.0,1380.0,1382.0
2024-11-07 10:05:00,1381.0,1384.0,1378.0,1382.0
2024-11-07 10:10:00,1382.0,1388.0,1381.0,1384.0
2024-11-07 10:15:00,1385.0,1387.0,1384.0,1384.0
2024-11-07 10:35:00,1383.0,1383.0,1378.0,1380.0
2024-11-07 10:40:00,1373.0,1378.0,1372.0,1376.0
2024-11-07 10:45:00,1376.0,1377.0,1372.0,1373.0
2024-11-07 10:50:00,1372.0,1375.0,1352.0,1358.0
2024-11-07 10:55:00,1358.0,1370.0,1358.0,1368.0
2024-11-07 11:00:00,1368.0,1374.0,1366.0,1374.0
2024-11-07 11:05:00,1374.0,1379.0,1373.0,1379.0
2024-11-07 11:10:00,1379.0,1382.0,1375.0,1381.0
2024-11-07 11:15:00,1383.0,1384.0,1380.0,1384.0
2024-11-07 11:20:00,1384.0,1387.0,1382.0,1382.0
2024-11-07 11:25:00,1382.0,1384.0,1379.0,1381.0
2024-11-07 11:30:00,1381.0,1382.0,1376.0,1377.0
2024-11-07 13:35:00,1377.0,1383.0,1377.0,1380.0
2024-11-07 13:40:00,1380.0,1386.0,1380.0,1385.0
2024-11-07 13:45:00,1384.0,1389.0,1384.0,1388.0
2024-11-07 13:50:00,1390.0,1390.0,1390.0,1390.0
2024-11-07 13:55:00,1390.0,1391.0,1385.0,1389.0
2024-11-07 14:00:00,1389.0,1389.0,1386.0,1389.0
2024-11-07 14:05:00,1389.0,1389.0,1376.0,1379.0
2024-11-07 14:10:00,1378.0,1379.0,1373.0,1376.0
2024-11-07 14:15:00,1376.0,1382.0,1374.0,1379.0
2024-11-07 14:20:00,1379.0,1381.0,1376.0,1381.0
2024-11-07 14:25:00,1381.0,1383.0,1380.0,1380.0
2024-11-07 14:30:00,1381.0,1381.0,1376.0,1378.0
2024-11-07 14:35:00,1380.0,1381.0,1379.0,1380.0
2024-11-07 14:40:00,1380.0,1384.0,1380.0,1382.0
2024-11-07 14:45:00,1383.0,1384.0,1380.0,1382.0
2024-11-07 14:50:00,1381.0,1383.0,1380.0,1381.0
2024-11-07 14:55:00,1379.0,1379.0,1377.0,1378.0
2024-11-07 15:00:00,1378.0,1386.0,1378.0,1385.0
2024-11-07 21:05:00,1389.0,1390.0,1384.0,1388.0
2024-11-07 21:10:00,1389.0,1391.0,1382.0,1382.0
2024-11-07 21:15:00,1382.0,1384.0,1380.0,1382.0
2024-11-07 21:20:00,1382.0,1388.0,1381.0,1385.0
2024-11-07 21:25:00,1385.0,1387.0,1383.0,1384.0
2024-11-07 21:30:00,1385.0,1387.0,1384.0,1385.0
2024-11-07 21:35:00,1384.0,1385.0,1382.0,1385.0
2024-11-07 21:40:00,1385.0,1387.0,1382.0,1382.0
2024-11-07 21:45:00,1382.0,1383.0,1380.0,1383.0
2024-11-07 21:50:00,1383.0,1383.0,1376.0,1379.0
2024-11-07 21:55:00,1379.0,1381.0,1376.0,1380.0
2024-11-07 22:00:00,1380.0,1381.0,1376.0,1377.0
2024-11-07 22:05:00,1378.0,1380.0,1375.0,1377.0
2024-11-07 22:10:00,1376.0,1379.0,1375.0,1378.0
2024-11-07 22:15:00,1379.0,1381.0,1378.0,1378.0
2024-11-07 22:20:00,1378.0,1379.0,1370.0,1375.0
2024-11-07 22:25:00,1375.0,1376.0,1370.0,1373.0
2024-11-07 22:30:00,1374.0,1375.0,1370.0,1371.0
2024-11-07 22:35:00,1371.0,1373.0,1365.0,1367.0
2024-11-07 22:40:00,1367.0,1374.0,1366.0,1373.0
2024-11-07 22:45:00,1373.0,1378.0,1373.0,1377.0
2024-11-07 22:50:00,1376.0,1382.0,1375.0,1382.0
2024-11-07 22:55:00,1382.0,1389.0,1381.0,1384.0
2024-11-07 23:00:00,1384.0,1387.0,1382.0,1383.0
2024-11-08 09:05:00,1388.0,1400.0,1386.0,1392.0
2024-11-08 09:10:00,1392.0,1397.0,1390.0,1394.0
2024-11-08 09:15:00,1394.0,1398.0,1392.0,1398.0
2024-11-08 09:20:00,1398.0,1408.0,1397.0,1402.0
2024-11-08 09:25:00,1402.0,1409.0,1402.0,1405.0
2024-11-08 09:30:00,1405.0,1409.0,1403.0,1405.0
2024-11-08 09:35:00,1404.0,1404.0,1394.0,1395.0
2024-11-08 09:40:00,1395.0,1396.0,1391.0,1393.0
2024-11-08 09:45:00,1394.0,1394.0,1384.0,1388.0
2024-11-08 09:50:00,1388.0,1388.0,1377.0,1379.0
2024-11-08 09:55:00,1377.0,1382.0,1376.0,1378.0
2024-11-08 10:00:00,1376.0,1381.0,1375.0,1377.0
2024-11-08 10:05:00,1377.0,1378.0,1369.0,1371.0
2024-11-08 10:10:00,1372.0,1380.0,1371.0,1379.0
2024-11-08 10:15:00,1379.0,1382.0,1373.0,1373.0
2024-11-08 10:35:00,1374.0,1379.0,1372.0,1378.0
2024-11-08 10:40:00,1377.0,1377.0,1367.0,1368.0
2024-11-08 10:45:00,1366.0,1372.0,1365.0,1366.0
2024-11-08 10:50:00,1366.0,1374.0,1366.0,1370.0
2024-11-08 10:55:00,1370.0,1372.0,1366.0,1369.0
2024-11-08 11:00:00,1372.0,1373.0,1369.0,1370.0
2024-11-08 11:05:00,1370.0,1374.0,1369.0,1372.0
2024-11-08 11:10:00,1371.0,1372.0,1365.0,1367.0
2024-11-08 11:15:00,1367.0,1371.0,1367.0,1370.0
2024-11-08 11:20:00,1369.0,1370.0,1356.0,1359.0
2024-11-08 11:25:00,1359.0,1362.0,1355.0,1361.0
2024-11-08 11:30:00,1362.0,1367.0,1361.0,1363.0
2024-11-08 13:35:00,1369.0,1369.0,1363.0,1364.0
2024-11-08 13:40:00,1359.0,1365.0,1355.0,1357.0
2024-11-08 13:45:00,1357.0,1360.0,1352.0,1353.0
2024-11-08 13:50:00,1348.0,1356.0,1343.0,1350.0
2024-11-08 13:55:00,1350.0,1360.0,1349.0,1354.0
2024-11-08 14:00:00,1356.0,1357.0,1351.0,1351.0
2024-11-08 14:05:00,1351.0,1355.0,1348.0,1352.0
2024-11-08 14:10:00,1349.0,1357.0,1347.0,1356.0
2024-11-08 14:15:00,1351.0,1358.0,1351.0,1351.0
2024-11-08 14:20:00,1350.0,1357.0,1350.0,1352.0
2024-11-08 14:25:00,1351.0,1353.0,1345.0,1350.0
2024-11-08 14:30:00,1352.0,1355.0,1348.0,1354.0
2024-11-08 14:35:00,1354.0,1361.0,1349.0,1355.0
2024-11-08 14:40:00,1352.0,1356.0,1350.0,1353.0
2024-11-08 14:45:00,1353.0,1355.0,1348.0,1350.0
2024-11-08 14:50:00,1351.0,1356.0,1348.0,1355.0
2024-11-08 14:55:00,1355.0,1357.0,1351.0,1356.0
2024-11-08 15:00:00,1355.0,1359.0,1353.0,1353.0
2024-11-08 21:05:00,1343.0,1360.0,1343.0,1358.0
2024-11-08 21:10:00,1358.0,1362.0,1357.0,1360.0
2024-11-08 21:15:00,1361.0,1364.0,1360.0,1363.0
2024-11-08 21:20:00,1363.0,1368.0,1362.0,1365.0
2024-11-08 21:25:00,1365.0,1374.0,1365.0,1372.0
2024-11-08 21:30:00,1372.0,1379.0,1370.0,1376.0
2024-11-08 21:35:00,1377.0,1381.0,1374.0,1376.0
2024-11-08 21:40:00,1376.0,1376.0,1371.0,1375.0
2024-11-08 21:45:00,1374.0,1375.0,1368.0,1370.0
2024-11-08 21:50:00,1368.0,1372.0,1367.0,1371.0
2024-11-08 21:55:00,1371.0,1372.0,1366.0,1368.0
2024-11-08 22:00:00,1368.0,1370.0,1361.0,1362.0
2024-11-08 22:05:00,1363.0,1366.0,1362.0,1365.0
2024-11-08 22:10:00,1365.0,1366.0,1356.0,1358.0
2024-11-08 22:15:00,1357.0,1361.0,1354.0,1361.0
2024-11-08 22:20:00,1361.0,1361.0,1355.0,1357.0
2024-11-08 22:25:00,1356.0,1359.0,1355.0,1357.0
2024-11-08 22:30:00,1357.0,1361.0,1356.0,1358.0
2024-11-08 22:35:00,1359.0,1363.0,1355.0,1360.0
2024-11-08 22:40:00,1360.0,1363.0,1357.0,1357.0
2024-11-08 22:45:00,1357.0,1359.0,1342.0,1342.0
2024-11-08 22:50:00,1341.0,1351.0,1332.0,1341.0
2024-11-08 22:55:00,1340.0,1348.0,1338.0,1346.0
2024-11-08 23:00:00,1347.0,1347.0,1343.0,1344.0
2024-11-11 09:05:00,1350.0,1359.0,1345.0,1352.0
2024-11-11 09:10:00,1351.0,1359.0,1349.0,1356.0
2024-11-11 09:15:00,1357.0,1359.0,1355.0,1357.0
2024-11-11 09:20:00,1357.0,1361.0,1352.0,1352.0
2024-11-11 09:25:00,1353.0,1357.0,1349.0,1355.0
2024-11-11 09:30:00,1355.0,1358.0,1351.0,1353.0
2024-11-11 09:35:00,1353.0,1357.0,1352.0,1352.0
2024-11-11 09:40:00,1352.0,1352.0,1345.0,1352.0
2024-11-11 09:45:00,1352.0,1354.0,1347.0,1348.0
2024-11-11 09:50:00,1348.0,1349.0,1339.0,1339.0
2024-11-11 09:55:00,1340.0,1342.0,1337.0,1340.0
2024-11-11 10:00:00,1336.0,1341.0,1332.0,1334.0
2024-11-11 10:05:00,1333.0,1345.0,1333.0,1344.0
2024-11-11 10:10:00,1343.0,1344.0,1336.0,1338.0
2024-11-11 10:15:00,1338.0,1346.0,1338.0,1342.0
2024-11-11 10:35:00,1336.0,1338.0,1332.0,1336.0
2024-11-11 10:40:00,1335.0,1340.0,1333.0,1339.0
2024-11-11 10:45:00,1339.0,1341.0,1336.0,1340.0
2024-11-11 10:50:00,1340.0,1343.0,1340.0,1340.0
2024-11-11 10:55:00,1343.0,1345.0,1338.0,1339.0
2024-11-11 11:00:00,1339.0,1346.0,1339.0,1343.0
2024-11-11 11:05:00,1344.0,1344.0,1340.0,1344.0
2024-11-11 11:10:00,1344.0,1344.0,1341.0,1341.0
2024-11-11 11:15:00,1341.0,1342.0,1337.0,1340.0
2024-11-11 11:20:00,1341.0,1343.0,1338.0,1339.0
2024-11-11 11:25:00,1338.0,1341.0,1338.0,1339.0
2024-11-11 11:30:00,1339.0,1342.0,1336.0,1340.0
2024-11-11 13:35:00,1343.0,1344.0,1319.0,1321.0
2024-11-11 13:40:00,1318.0,1326.0,1313.0,1313.0
2024-11-11 13:45:00,1313.0,1315.0,1307.0,1314.0
2024-11-11 13:50:00,1309.0,1315.0,1306.0,1311.0
2024-11-11 13:55:00,1310.0,1311.0,1300.0,1309.0
2024-11-11 14:00:00,1308.0,1309.0,1305.0,1307.0
2024-11-11 14:05:00,1307.0,1310.0,1299.0,1305.0
2024-11-11 14:10:00,1305.0,1311.0,1304.0,1310.0
2024-11-11 14:15:00,1309.0,1315.0,1309.0,1311.0
2024-11-11 14:20:00,1311.0,1319.0,1311.0,1315.0
2024-11-11 14:25:00,1316.0,1317.0,1309.0,1310.0
2024-11-11 14:30:00,1309.0,1318.0,1309.0,1318.0
2024-11-11 14:35:00,1318.0,1320.0,1314.0,1315.0
2024-11-11 14:40:00,1314.0,1322.0,1314.0,1321.0
2024-11-11 14:45:00,1320.0,1326.0,1318.0,1325.0
2024-11-11 14:50:00,1325.0,1328.0,1323.0,1327.0
2024-11-11 14:55:00,1328.0,1328.0,1323.0,1325.0
2024-11-11 15:00:00,1324.0,1326.0,1323.0,1326.0
2024-11-11 21:05:00,1322.0,1323.0,1311.0,1311.0
2024-11-11 21:10:00,1311.0,1312.0,1306.0,1306.0
2024-11-11 21:15:00,1306.0,1309.0,1305.0,1306.0
2024-11-11 21:20:00,1305.0,1309.0,1300.0,1301.0
2024-11-11 21:25:00,1300.0,1304.0,1298.0,1303.0
2024-11-11 21:30:00,1304.0,1306.0,1301.0,1304.0
2024-11-11 21:35:00,1304.0,1310.0,1304.0,1310.0
2024-11-11 21:40:00,1310.0,1310.0,1304.0,1307.0
2024-11-11 21:45:00,1307.0,1313.0,1305.0,1313.0
2024-11-11 21:50:00,1313.0,1314.0,1306.0,1306.0
2024-11-11 21:55:00,1307.0,1308.0,1305.0,1306.0
2024-11-11 22:00:00,1305.0,1309.0,1301.0,1308.0
2024-11-11 22:05:00,1309.0,1312.0,1308.0,1311.0
2024-11-11 22:10:00,1310.0,1310.0,1306.0,1307.0
2024-11-11 22:15:00,1307.0,1309.0,1306.0,1309.0
2024-11-11 22:20:00,1309.0,1309.0,1301.0,1303.0
2024-11-11 22:25:00,1304.0,1306.0,1300.0,1305.0
2024-11-11 22:30:00,1305.0,1306.0,1302.0,1303.0
2024-11-11 22:35:00,1303.0,1305.0,1302.0,1303.0
2024-11-11 22:40:00,1303.0,1309.0,1303.0,1308.0
2024-11-11 22:45:00,1308.0,1308.0,1304.0,1305.0
2024-11-11 22:50:00,1304.0,1308.0,1304.0,1306.0
2024-11-11 22:55:00,1306.0,1308.0,1304.0,1307.0
2024-11-11 23:00:00,1307.0,1308.0,1304.0,1305.0
2024-11-12 09:05:00,1305.0,1313.0,1304.0,1313.0
2024-11-12 09:10:00,1312.0,1313.0,1310.0,1312.0
2024-11-12 09:15:00,1311.0,1313.0,1308.0,1310.0
2024-11-12 09:20:00,1311.0,1311.0,1308.0,1309.0
2024-11-12 09:25:00,1309.0,1313.0,1306.0,1307.0
2024-11-12 09:30:00,1308.0,1309.0,1306.0,1306.0
2024-11-12 09:35:00,1307.0,1308.0,1306.0,1307.0
2024-11-12 09:40:00,1307.0,1309.0,1305.0,1308.0
2024-11-12 09:45:00,1309.0,1315.0,1308.0,1313.0
2024-11-12 09:50:00,1313.0,1315.0,1310.0,1310.0
2024-11-12 09:55:00,1313.0,1313.0,1306.0,1307.0
2024-11-12 10:00:00,1308.0,1311.0,1306.0,1307.0
2024-11-12 10:05:00,1302.0,1308.0,1302.0,1304.0
2024-11-12 10:10:00,1304.0,1306.0,1287.0,1293.0
2024-11-12 10:15:00,1301.0,1302.0,1293.0,1297.0
2024-11-12 10:35:00,1296.0,1301.0,1295.0,1300.0
2024-11-12 10:40:00,1303.0,1305.0,1299.0,1303.0
2024-11-12 10:45:00,1303.0,1304.0,1297.0,1297.0
2024-11-12 10:50:00,1295.0,1298.0,1294.0,1296.0
2024-11-12 10:55:00,1296.0,1297.0,1292.0,1296.0
2024-11-12 11:00:00,1304.0,1305.0,1296.0,1305.0
2024-11-12 11:05:00,1304.0,1310.0,1303.0,1308.0
2024-11-12 11:10:00,1302.0,1308.0,1301.0,1304.0
2024-11-12 11:15:00,1303.0,1307.0,1301.0,1306.0
2024-11-12 11:20:00,1306.0,1308.0,1303.0,1304.0
2024-11-12 11:25:00,1304.0,1309.0,1304.0,1308.0
2024-11-12 11:30:00,1307.0,1311.0,1307.0,1309.0
2024-11-12 13:35:00,1300.0,1303.0,1299.0,1302.0
2024-11-12 13:40:00,1302.0,1304.0,1301.0,1304.0
2024-11-12 13:45:00,1305.0,1309.0,1303.0,1304.0
2024-11-12 13:50:00,1304.0,1309.0,1303.0,1306.0
2024-11-12 13:55:00,1306.0,1307.0,1305.0,1306.0
2024-11-12 14:00:00,1308.0,1310.0,1305.0,1309.0
2024-11-12 14:05:00,1308.0,1314.0,1307.0,1313.0
2024-11-12 14:10:00,1317.0,1317.0,1311.0,1312.0
2024-11-12 14:15:00,1314.0,1317.0,1311.0,1315.0
2024-11-12 14:20:00,1315.0,1316.0,1311.0,1311.0
2024-11-12 14:25:00,1309.0,1320.0,1309.0,1320.0
2024-11-12 14:30:00,1320.0,1323.0,1316.0,1320.0
2024-11-12 14:35:00,1320.0,1322.0,1316.0,1317.0
2024-11-12 14:40:00,1317.0,1324.0,1317.0,1323.0
2024-11-12 14:45:00,1322.0,1324.0,1316.0,1318.0
2024-11-12 14:50:00,1319.0,1323.0,1319.0,1322.0
2024-11-12 14:55:00,1321.0,1324.0,1313.0,1315.0
2024-11-12 15:00:00,1316.0,1316.0,1310.0,1315.0
